{"stats":{"minecraft:killed":{"minecraft:witch":1,"minecraft:vindicator":3,"minecraft:spider":2,"minecraft:sheep":4,"minecraft:skeleton":14,"minecraft:zombie":12,"minecraft:chicken":1},"minecraft:custom":{"minecraft:interact_with_smithing_table":1,"minecraft:interact_with_furnace":27,"minecraft:mob_kills":40,"minecraft:interact_with_crafting_table":8,"minecraft:leave_game":1,"minecraft:time_since_death":9277,"minecraft:sleep_in_bed":1,"minecraft:climb_one_cm":1292,"minecraft:time_since_rest":9311,"minecraft:sprint_one_cm":140934,"minecraft:damage_absorbed":135,"minecraft:damage_taken":2442,"minecraft:walk_one_cm":196514,"minecraft:damage_blocked_by_shield":955,"minecraft:drop":2,"minecraft:damage_dealt":6913,"minecraft:fly_one_cm":65215,"minecraft:open_chest":1,"minecraft:crouch_one_cm":2293,"minecraft:play_time":51284,"minecraft:deaths":7,"minecraft:sneak_time":798,"minecraft:jump":701,"minecraft:total_world_time":51284,"minecraft:fall_one_cm":22592},"minecraft:picked_up":{"minecraft:birch_log":11,"minecraft:crafting_table":1,"minecraft:feather":2,"minecraft:chicken":1,"minecraft:smithing_table":1,"minecraft:tuff":5,"minecraft:cornflower":1,"minecraft:dirt":5,"minecraft:string":6,"minecraft:lantern":2,"minecraft:experience_bottle":1,"minecraft:bone":11,"minecraft:bow":1,"minecraft:cobbled_deepslate":11,"minecraft:raw_gold":15,"minecraft:beef":11,"minecraft:iron_ingot":11,"minecraft:coal_block":4,"minecraft:birch_sapling":5,"minecraft:iron_sword":1,"minecraft:furnace":5,"minecraft:book":2,"minecraft:raw_iron":39,"minecraft:stick":9,"minecraft:oak_fence":1,"minecraft:diorite":4,"minecraft:white_bed":3,"minecraft:stone_pressure_plate":2,"minecraft:arrow":17,"minecraft:rotten_flesh":9,"minecraft:diamond":1,"minecraft:iron_block":1,"minecraft:emerald":3,"minecraft:mutton":5,"minecraft:coal":32,"minecraft:white_wool":4,"minecraft:cobblestone":17},"minecraft:used":{"minecraft:cooked_mutton":6,"minecraft:diorite":4,"minecraft:birch_planks":10,"minecraft:stone_pickaxe":69,"minecraft:wooden_pickaxe":8,"minecraft:shield":32,"minecraft:iron_sword":156,"minecraft:rotten_flesh":8,"minecraft:dirt":5,"minecraft:crafting_table":1,"minecraft:white_bed":1,"minecraft:tuff":5,"minecraft:cornflower":1,"minecraft:lantern":1,"minecraft:birch_sapling":2,"minecraft:iron_pickaxe":22,"minecraft:golden_helmet":1,"minecraft:stone_axe":7,"minecraft:bow":14,"minecraft:cobblestone":11,"minecraft:furnace":3,"minecraft:stone_pressure_plate":2,"minecraft:cobbled_deepslate":7,"minecraft:experience_bottle":1},"minecraft:dropped":{"minecraft:iron_ingot":20},"minecraft:mined":{"minecraft:smithing_table":1,"minecraft:tuff":4,"minecraft:white_bed":3,"minecraft:deepslate_diamond_ore":1,"minecraft:crafting_table":1,"minecraft:oak_fence":1,"minecraft:cornflower":1,"minecraft:grass_block":3,"minecraft:coal_block":4,"minecraft:deepslate_gold_ore":13,"minecraft:diorite":4,"minecraft:furnace":5,"minecraft:iron_ore":19,"minecraft:birch_leaves":1,"treechop:chopped_log":2,"minecraft:grass":4,"minecraft:deepslate_iron_ore":20,"minecraft:lantern":2,"minecraft:stone":17,"minecraft:iron_block":1,"minecraft:gold_ore":2,"minecraft:fern":1,"minecraft:deepslate":6},"minecraft:crafted":{"minecraft:cooked_beef":1,"minecraft:coal":36,"minecraft:crafting_table":1,"minecraft:wooden_pickaxe":1,"minecraft:birch_planks":44,"minecraft:stone_axe":1,"minecraft:cooked_mutton":6,"minecraft:air":0,"minecraft:iron_boots":1,"minecraft:iron_chestplate":1,"minecraft:shield":1,"minecraft:stick":12,"minecraft:iron_ingot":26,"minecraft:stone_pickaxe":1,"minecraft:iron_pickaxe":1}},"DataVersion":3465}