{"stats":{"minecraft:killed":{"minecraft:witch":1,"minecraft:spider":2,"minecraft:vindicator":3,"minecraft:skeleton":18,"minecraft:chicken":1,"minecraft:creeper":2,"minecraft:sheep":6,"minecraft:zombie":15,"minecraft:cow":9},"minecraft:picked_up":{"minecraft:coarse_dirt":1,"minecraft:crafting_table":3,"minecraft:allium":24,"minecraft:chicken":2,"minecraft:smithing_table":1,"minecraft:cornflower":1,"minecraft:raw_copper":8,"minecraft:string":6,"regions_unexplored:prismarite_cluster":10,"minecraft:moss_carpet":9,"minecraft:experience_bottle":1,"minecraft:cobbled_deepslate":11,"minecraft:beef":27,"minecraft:coal_block":4,"minecraft:chest":2,"minecraft:birch_sapling":6,"minecraft:furnace":12,"minecraft:stick":19,"minecraft:raw_iron":67,"minecraft:oak_fence":1,"minecraft:diorite":6,"regions_unexplored:daisy":44,"minecraft:stone_pressure_plate":2,"minecraft:arrow":22,"minecraft:rotten_flesh":20,"regions_unexplored:mauve_sapling":18,"regions_unexplored:mauve_log":23,"farmersdelight:onion":11,"minecraft:iron_block":1,"minecraft:mutton":11,"minecraft:white_wool":12,"minecraft:cobblestone":109,"minecraft:birch_log":11,"minecraft:feather":2,"minecraft:cooked_beef":6,"regions_unexplored:hanging_prismarite":17,"minecraft:andesite":4,"minecraft:leather":6,"regions_unexplored:meadow_sage":1,"minecraft:birch_planks":3,"minecraft:flint":3,"minecraft:tuff":5,"minecraft:gunpowder":2,"minecraft:dirt":426,"minecraft:lantern":5,"regions_unexplored:large_prismarite_cluster":1,"minecraft:bone":15,"minecraft:apple":2,"minecraft:bow":3,"minecraft:wheat_seeds":47,"minecraft:raw_gold":16,"minecraft:iron_ingot":11,"minecraft:iron_sword":1,"minecraft:book":2,"minecraft:gravel":5,"minecraft:white_bed":6,"minecraft:mossy_cobblestone":27,"regions_unexplored:hyssop":90,"minecraft:purple_bed":2,"regions_unexplored:fireweed":71,"minecraft:diamond":1,"regions_unexplored:clover":6,"minecraft:granite":1,"minecraft:emerald":3,"minecraft:coal":86},"minecraft:custom":{"minecraft:interact_with_smithing_table":1,"minecraft:mob_kills":60,"minecraft:interact_with_crafting_table":41,"minecraft:open_barrel":39,"minecraft:leave_game":4,"minecraft:time_since_death":146691,"minecraft:climb_one_cm":1512,"minecraft:sprint_one_cm":377209,"minecraft:walk_one_cm":602336,"minecraft:damage_blocked_by_shield":1095,"minecraft:drop":53,"minecraft:play_time":188698,"minecraft:deaths":7,"minecraft:sneak_time":2170,"minecraft:walk_under_water_one_cm":4847,"minecraft:jump":1679,"minecraft:walk_on_water_one_cm":9056,"minecraft:total_world_time":188698,"minecraft:interact_with_furnace":54,"minecraft:sleep_in_bed":11,"minecraft:time_since_rest":5853,"minecraft:damage_taken":2737,"minecraft:damage_absorbed":290,"minecraft:damage_dealt":9528,"minecraft:swim_one_cm":3766,"minecraft:fly_one_cm":188661,"minecraft:open_chest":27,"minecraft:crouch_one_cm":5405,"minecraft:fall_one_cm":40650},"minecraft:used":{"minecraft:stone_shovel":404,"minecraft:chest":2,"minecraft:shield":37,"minecraft:stone":52,"minecraft:iron_sword":214,"minecraft:rotten_flesh":8,"minecraft:dirt":278,"regions_unexplored:mauve_sapling":4,"regions_unexplored:clover":6,"minecraft:tuff":5,"minecraft:golden_shovel":64,"minecraft:granite":1,"minecraft:lantern":5,"minecraft:iron_axe":19,"minecraft:birch_sapling":2,"minecraft:bow":14,"minecraft:furnace":12,"minecraft:stone_pressure_plate":2,"minecraft:cooked_beef":9,"minecraft:cobbled_deepslate":7,"minecraft:cooked_mutton":6,"minecraft:water_bucket":18,"minecraft:diorite":4,"domum_ornamentum:architectscutter":1,"minecraft:birch_planks":10,"minecraft:stone_pickaxe":147,"minecraft:wooden_pickaxe":8,"minecraft:crafting_table":3,"minecraft:white_bed":4,"minecolonies:supplychestdeployer":1,"minecraft:cornflower":1,"minecraft:apple":2,"minecraft:iron_pickaxe":155,"minecraft:golden_helmet":1,"minecraft:stone_axe":13,"minecraft:cobblestone":11,"minecraft:purple_bed":2,"minecraft:bucket":19,"minecraft:coarse_dirt":1,"structurize:sceptergold":12,"minecraft:experience_bottle":1},"minecraft:dropped":{"minecraft:iron_ingot":20,"regions_unexplored:fireweed":69,"minecraft:birch_planks":3,"minecraft:wheat_seeds":9,"minecraft:cobblestone":5,"regions_unexplored:daisy":42,"minecraft:dirt":9,"minecraft:diorite":1,"minecraft:mutton":3,"regions_unexplored:mauve_sapling":14,"minecraft:gravel":1,"minecraft:moss_carpet":9,"minecraft:coarse_dirt":1,"minecraft:birch_sapling":1,"minecraft:chicken":1,"minecraft:rotten_flesh":5,"regions_unexplored:hyssop":89,"minecraft:white_bed":1,"minecraft:allium":24,"minecraft:andesite":2,"minecraft:oak_sapling":1,"regions_unexplored:meadow_sage":1},"minecraft:broken":{"minecraft:golden_helmet":1,"minecraft:golden_shovel":2,"minecraft:stone_pickaxe":1,"minecraft:stone_shovel":2},"minecraft:mined":{"minecraft:tuff":4,"minecraft:white_bed":6,"minecraft:deepslate_diamond_ore":1,"minecraft:granite":1,"regions_unexplored:hanging_prismarite":10,"minecraft:grass_block":382,"minecraft:coal_block":4,"regions_unexplored:large_prismarite_cluster":1,"farmersdelight:wild_onions":1,"minecraft:furnace":12,"minecolonies:blockconstructiontape":4,"minecraft:iron_ore":47,"regions_unexplored:mossy_stone":27,"minecraft:andesite":2,"minecraft:moss_carpet":1,"treechop:chopped_log":4,"minecraft:deepslate_iron_ore":20,"minecraft:lantern":3,"regions_unexplored:medium_grass":31,"minecraft:stone":102,"minecraft:iron_block":1,"regions_unexplored:mauve_sapling":3,"minecraft:smithing_table":1,"minecraft:oak_fence":1,"minecraft:crafting_table":3,"minecraft:cornflower":1,"minecraft:chest":2,"minecraft:tall_grass":4,"regions_unexplored:meadow_sage":2,"minecraft:deepslate_gold_ore":13,"regions_unexplored:daisy":20,"minecraft:diorite":5,"regions_unexplored:prismarite_cluster":10,"minecraft:purple_bed":2,"regions_unexplored:hyssop":31,"minecraft:birch_leaves":1,"minecraft:grass":84,"minecraft:coal_ore":33,"minecraft:gravel":10,"minecraft:dirt":34,"regions_unexplored:clover":2,"minecraft:gold_ore":3,"regions_unexplored:prismoss_sprout":6,"minecraft:deepslate":6,"minecraft:fern":3,"regions_unexplored:fireweed":23},"minecraft:crafted":{"minecraft:coarse_dirt":4,"domum_ornamentum:plain":12,"minecraft:oak_planks":184,"minecraft:stone_shovel":3,"minecraft:cobblestone_slab":6,"minecraft:coal":36,"minecraft:purple_bed":1,"domum_ornamentum:architectscutter":1,"minecolonies:blockhutbuilder":1,"minecraft:cobblestone_stairs":8,"minecolonies:supplycampdeployer":1,"packedup:ironbackpack":1,"minecraft:cooked_mutton":6,"regions_unexplored:mauve_planks":88,"minecraft:iron_boots":1,"minecolonies:blockhutguardtower":2,"minecraft:iron_axe":1,"minecraft:stone_pickaxe":1,"minecraft:chest":6,"packedup:basicbackpack":1,"minecraft:cooked_beef":21,"minecraft:oak_slab":18,"minecraft:crafting_table":1,"minecraft:wooden_pickaxe":1,"minecraft:golden_shovel":2,"minecraft:bucket":1,"minecraft:birch_planks":44,"regions_unexplored:mauve_door":3,"minecraft:stone_axe":1,"minecraft:air":0,"minecraft:iron_chestplate":1,"minecraft:purple_dye":1,"minecraft:shield":1,"minecraft:stick":20,"minecraft:stone_slab":6,"minecraft:iron_ingot":76,"minecraft:iron_pickaxe":2,"minecraft:oak_stairs":76,"minecraft:gold_ingot":16,"regions_unexplored:mauve_wood":3}},"DataVersion":3465}