{"stats":{"minecraft:custom":{"minecraft:jump":23,"minecraft:time_since_rest":4121,"minecraft:damage_dealt":40,"minecraft:leave_game":1,"minecraft:sprint_one_cm":5825,"minecraft:play_time":4121,"minecraft:time_since_death":4121,"minecraft:walk_one_cm":8142,"minecraft:total_world_time":4121,"minecraft:fall_one_cm":418,"minecraft:fly_one_cm":5674},"minecraft:used":{"minecraft:oak_planks":4},"minecraft:picked_up":{"minecraft:oak_log":1},"minecraft:crafted":{"minecraft:oak_planks":4},"minecraft:mined":{"minecraft:grass":1,"minecraft:oak_log":1}},"DataVersion":3465}