{"stats":{"minecraft:killed":{"minecraft:spider":1,"minecraft:skeleton":1,"minecraft:creeper":1,"minecraft:sheep":7,"minecraft:zombie":15,"minecraft:stray":1,"minecraft:cow":4},"minecraft:killed_by":{"minecraft:zombie":1},"minecraft:custom":{"minecraft:interact_with_smithing_table":1,"minecraft:mob_kills":31,"minecraft:interact_with_crafting_table":41,"minecraft:open_barrel":6,"minecraft:damage_dealt_resisted":20,"minecraft:eat_cake_slice":2,"minecraft:leave_game":3,"minecraft:time_since_death":57684,"minecraft:climb_one_cm":4528,"minecraft:sprint_one_cm":291434,"minecraft:walk_one_cm":987056,"minecraft:drop":41,"minecraft:play_time":199409,"minecraft:deaths":5,"minecraft:sneak_time":498,"minecraft:walk_under_water_one_cm":3655,"minecraft:boat_one_cm":159435,"minecraft:jump":2145,"minecraft:walk_on_water_one_cm":19645,"minecraft:total_world_time":199409,"minecraft:interact_with_furnace":24,"minecraft:play_record":1,"minecraft:interact_with_cartography_table":1,"minecraft:sleep_in_bed":7,"minecraft:time_since_rest":14768,"minecraft:damage_taken":2367,"minecraft:damage_absorbed":220,"minecraft:damage_dealt":5120,"minecraft:swim_one_cm":8551,"minecraft:fly_one_cm":278991,"minecraft:open_chest":35,"minecraft:crouch_one_cm":1451,"minecraft:fall_one_cm":46816},"minecraft:picked_up":{"regions_unexplored:small_oak_log":14,"minecraft:cocoa_beans":12,"minecraft:crafting_table":1,"minecolonies:blockhuttownhall":3,"minecraft:lead":2,"minecraft:string":1,"minecraft:raw_copper":85,"minecraft:item_frame":1,"minecraft:beef":8,"minecraft:birch_sapling":13,"regions_unexplored:blackwood_log":68,"minecraft:tipped_arrow":1,"regions_unexplored:blackwood_planks":2,"minecraft:stick":25,"minecraft:raw_iron":14,"minecraft:oak_fence":1,"minecraft:torch":22,"regions_unexplored:blue_lupine":1,"structurize:sceptergold":2,"minecraft:diorite":2,"minecraft:arrow":2,"minecraft:rotten_flesh":17,"regions_unexplored:purple_lupine":3,"minecraft:mutton":12,"minecraft:white_wool":5,"minecraft:cobblestone":125,"minecraft:birch_log":17,"regions_unexplored:peat_dirt":9,"minecraft:andesite":26,"minecraft:leather":5,"minecraft:brown_wool":1,"domum_ornamentum:four_light":1,"minecraft:filled_map":2,"minecraft:birch_planks":1,"minecraft:oak_log":8,"minecraft:cobblestone_stairs":2,"regions_unexplored:blackwood_boat":1,"minecraft:lapis_lazuli":13,"minecraft:dirt":131,"regions_unexplored:small_oak_sapling":1,"minecraft:cooked_mutton":1,"minecraft:bone":2,"minecraft:apple":1,"minecraft:wheat_seeds":4,"minecraft:scaffolding":4,"minecraft:gravel":6,"regions_unexplored:pink_lupine":4,"minecraft:purple_bed":3,"regions_unexplored:blackwood_sapling":18,"regions_unexplored:clover":102,"minecraft:granite":5,"minecraft:oak_sapling":4,"minecraft:black_wool":1,"minecraft:coal":70},"minecraft:used":{"minecraft:stone_sword":91,"minecraft:stone_shovel":82,"domum_ornamentum:four_light":1,"minecraft:chest":4,"minecraft:torch":52,"minecraft:dirt":67,"regions_unexplored:blackwood_boat":1,"regions_unexplored:clover":4,"minecraft:granite":2,"minecraft:wooden_axe":13,"minecraft:lava_bucket":2,"minecraft:iron_helmet":1,"minecraft:scaffolding":4,"minecraft:furnace":2,"minecraft:cooked_beef":5,"regions_unexplored:blue_lupine":1,"regions_unexplored:blackwood_log":1,"minecraft:cooked_mutton":9,"minecraft:stone_pickaxe":255,"minecraft:wooden_pickaxe":18,"minecraft:composter":1,"minecraft:music_disc_cat":1,"minecraft:crafting_table":4,"minecolonies:supplychestdeployer":1,"minecraft:apple":1,"minecraft:bread":2,"minecraft:iron_pickaxe":14,"regions_unexplored:blackwood_planks":32,"minecraft:stone_axe":82,"minecraft:cobblestone":32,"minecraft:purple_bed":4,"minecraft:bucket":2,"structurize:sceptergold":8},"minecraft:dropped":{"minecraft:birch_planks":1,"minecraft:oak_fence":1,"minecraft:cobblestone":43,"minecraft:item_frame":1,"minecraft:cobblestone_stairs":1,"minecraft:diorite":2,"minecraft:torch":13,"minecraft:wooden_axe":1,"minecraft:string":1,"minecraft:birch_log":9,"minecraft:bone":1,"minecraft:rotten_flesh":17,"minecraft:cooked_mutton":1,"minecraft:filled_map":2,"structurize:sceptergold":2},"minecraft:broken":{"minecraft:stone_pickaxe":1},"minecraft:mined":{"regions_unexplored:blue_lupine":3,"minecolonies:blockhuttownhall":3,"regions_unexplored:pink_lupine":3,"minecraft:cobblestone_stairs":1,"minecraft:glow_lichen":1,"minecraft:granite":5,"minecraft:grass_block":77,"minecraft:tall_seagrass":8,"minecraft:iron_ore":14,"minecraft:fire":1,"regions_unexplored:purple_lupine":4,"minecraft:andesite":26,"treechop:chopped_log":6,"regions_unexplored:medium_grass":4,"minecraft:stone":134,"minecraft:scaffolding":4,"regions_unexplored:blackwood_planks":2,"minecolonies:blockminecoloniesgrave":1,"minecraft:oak_fence":1,"minecraft:crafting_table":1,"minecraft:torch":3,"regions_unexplored:peat_grass_block":7,"regions_unexplored:blackwood_log":1,"minecraft:copper_ore":24,"minecraft:cobblestone":2,"domum_ornamentum:four_light":1,"minecraft:lapis_ore":2,"minecraft:diorite":2,"minecraft:wall_torch":3,"minecraft:birch_sapling":1,"minecraft:purple_bed":3,"minecraft:birch_leaves":9,"minecraft:grass":8,"minecraft:coal_ore":70,"minecraft:oak_log":4,"minecraft:cocoa":2,"regions_unexplored:peat_dirt":2,"minecraft:gravel":4,"minecraft:dirt":70,"regions_unexplored:clover":15,"minecraft:polished_andesite":1,"minecraft:stone_bricks":1,"minecraft:oak_leaves":11},"minecraft:crafted":{"regions_unexplored:blackwood_planks":120,"minecraft:oak_planks":56,"minecraft:stone_shovel":1,"minecraft:purple_bed":1,"minecraft:furnace":2,"minecolonies:supplycampdeployer":2,"minecraft:cooked_mutton":13,"minecraft:stone_pickaxe":3,"minecraft:chest":14,"structurize:sceptergold":4,"regions_unexplored:blackwood_slab":12,"minecraft:cooked_beef":8,"paraglider:paraglider":1,"minecolonies:blockhuttownhall":2,"minecraft:crafting_table":4,"minecraft:wooden_pickaxe":1,"minecraft:iron_helmet":1,"minecraft:copper_ingot":21,"regions_unexplored:blackwood_boat":1,"minecraft:bucket":1,"minecraft:birch_planks":48,"minecraft:stone_axe":1,"minecraft:air":0,"minecraft:purple_dye":1,"minecraft:charcoal":5,"minecraft:stick":28,"minecraft:iron_ingot":14,"minecraft:iron_pickaxe":1,"minecraft:wooden_axe":2,"minecraft:stone_sword":1,"minecraft:gold_ingot":1,"minecraft:white_bed":1,"minecraft:composter":1,"minecraft:torch":52}},"DataVersion":3465}