{"stats":{"minecraft:killed":{"minecraft:spider":1,"minecraft:sheep":6,"minecraft:skeleton":1,"minecraft:zombie":1},"minecraft:custom":{"minecraft:interact_with_furnace":10,"minecraft:mob_kills":9,"minecraft:interact_with_crafting_table":11,"minecraft:leave_game":1,"minecraft:time_since_death":7560,"minecraft:time_since_rest":7586,"minecraft:sprint_one_cm":60517,"minecraft:walk_one_cm":232761,"minecraft:damage_taken":995,"minecraft:damage_absorbed":220,"minecraft:drop":10,"minecraft:damage_dealt":1568,"minecraft:fly_one_cm":41720,"minecraft:open_chest":5,"minecraft:crouch_one_cm":638,"minecraft:play_time":42458,"minecraft:deaths":2,"minecraft:sneak_time":256,"minecraft:jump":497,"minecraft:walk_on_water_one_cm":1383,"minecraft:total_world_time":42458,"minecraft:fall_one_cm":10989},"minecraft:picked_up":{"minecraft:birch_log":17,"minecraft:andesite":26,"minecraft:brown_wool":1,"minecraft:leather":2,"minecraft:oak_log":4,"minecraft:lapis_lazuli":13,"minecraft:string":1,"minecraft:dirt":41,"minecraft:raw_copper":85,"minecraft:bone":1,"minecraft:apple":1,"minecraft:birch_sapling":13,"minecraft:raw_iron":14,"minecraft:stick":11,"minecraft:torch":5,"minecraft:gravel":6,"minecraft:diorite":2,"minecraft:rotten_flesh":1,"minecraft:granite":5,"minecraft:oak_sapling":2,"minecraft:black_wool":1,"minecraft:mutton":10,"minecraft:coal":57,"minecraft:white_wool":4,"minecraft:cobblestone":108},"minecraft:used":{"minecraft:cooked_mutton":1,"minecraft:stone_sword":22,"minecraft:stone_pickaxe":214,"minecraft:chest":2,"minecraft:wooden_pickaxe":18,"minecraft:torch":35,"minecraft:dirt":23,"minecraft:crafting_table":1,"minecraft:granite":2,"minecraft:wooden_axe":13,"minecraft:apple":1,"minecraft:iron_pickaxe":14,"minecraft:stone_axe":18,"minecraft:cobblestone":32,"minecraft:furnace":1},"minecraft:dropped":{"minecraft:wooden_axe":1,"minecraft:birch_log":9},"minecraft:broken":{"minecraft:stone_pickaxe":1},"minecraft:mined":{"minecraft:glow_lichen":1,"minecraft:torch":2,"minecraft:granite":5,"minecraft:grass_block":18,"minecraft:cobblestone":2,"minecraft:copper_ore":24,"minecraft:lapis_ore":2,"minecraft:diorite":2,"minecraft:wall_torch":2,"minecraft:birch_sapling":1,"minecraft:iron_ore":14,"minecraft:birch_leaves":9,"minecraft:andesite":26,"treechop:chopped_log":4,"minecraft:grass":1,"minecraft:coal_ore":57,"minecraft:gravel":4,"minecraft:dirt":25,"minecraft:stone":110,"minecraft:oak_leaves":4},"minecraft:crafted":{"minecraft:oak_planks":16,"minecraft:crafting_table":1,"minecraft:wooden_pickaxe":1,"minecraft:furnace":1,"minecraft:birch_planks":48,"minecraft:stone_axe":1,"minecraft:cooked_mutton":1,"minecraft:air":0,"minecraft:charcoal":5,"minecraft:stick":20,"minecraft:iron_ingot":6,"minecraft:iron_pickaxe":1,"minecraft:stone_pickaxe":3,"minecraft:wooden_axe":2,"minecraft:stone_sword":1,"minecraft:chest":2,"minecraft:torch":52}},"DataVersion":3465}