{"stats":{"minecraft:killed":{"minecraft:pig":1,"minecraft:spider":1,"minecraft:creeper":1,"minecraft:sheep":5,"minecraft:skeleton":1,"minecraft:zombie":3,"minecraft:chicken":2,"minecraft:cow":7},"minecraft:custom":{"minecraft:interact_with_furnace":20,"minecraft:mob_kills":22,"minecraft:interact_with_crafting_table":8,"minecraft:leave_game":1,"minecraft:time_since_death":10073,"minecraft:climb_one_cm":568,"minecraft:time_since_rest":10101,"minecraft:sprint_one_cm":102771,"minecraft:damage_taken":1325,"minecraft:walk_one_cm":161659,"minecraft:drop":1,"minecraft:damage_dealt":2372,"minecraft:fly_one_cm":90988,"minecraft:open_chest":3,"minecraft:crouch_one_cm":2923,"minecraft:play_time":47635,"minecraft:deaths":3,"minecraft:sneak_time":1627,"minecraft:jump":740,"minecraft:walk_on_water_one_cm":203,"minecraft:total_world_time":47635,"minecraft:fall_one_cm":18267},"minecraft:picked_up":{"minecraft:wooden_axe":1,"minecraft:birch_log":20,"minecraft:chicken":2,"minecraft:andesite":1,"minecraft:leather":6,"minecraft:lapis_lazuli":69,"minecraft:string":2,"minecraft:dirt":8,"minecraft:bone":2,"minecraft:cobbled_deepslate":41,"minecraft:raw_gold":16,"minecraft:iron_ingot":10,"minecraft:beef":13,"minecraft:birch_sapling":7,"minecraft:egg":2,"minecraft:raw_iron":13,"minecraft:stick":5,"minecraft:oak_door":1,"minecraft:porkchop":1,"minecraft:diorite":4,"minecraft:arrow":2,"minecraft:rotten_flesh":3,"minecraft:coal":60,"minecraft:mutton":9,"minecraft:white_wool":5,"minecraft:cobblestone":32},"minecraft:used":{"minecraft:cooked_mutton":7,"minecraft:diorite":4,"minecraft:stone_pickaxe":82,"minecraft:wooden_pickaxe":17,"minecraft:torch":26,"minecraft:dirt":6,"minecraft:crafting_table":1,"minecraft:wooden_axe":9,"minecraft:iron_axe":36,"minecraft:iron_pickaxe":84,"minecraft:stone_axe":8,"minecraft:cobblestone":18,"minecraft:andesite":1,"minecraft:cooked_beef":2,"minecraft:cobbled_deepslate":41},"minecraft:dropped":{"minecraft:beef":11},"minecraft:mined":{"minecraft:glow_lichen":1,"minecraft:grass_block":4,"minecraft:tall_grass":1,"minecraft:lapis_ore":6,"minecraft:deepslate_gold_ore":10,"minecraft:diorite":4,"minecraft:iron_ore":3,"minecraft:andesite":1,"minecraft:birch_leaves":6,"treechop:chopped_log":2,"minecraft:deepslate_lapis_ore":4,"minecraft:grass":2,"minecraft:coal_ore":60,"minecraft:deepslate_iron_ore":10,"minecraft:dirt":4,"regions_unexplored:medium_grass":1,"minecraft:stone":32,"minecraft:gold_ore":6,"minecraft:deepslate":41},"minecraft:crafted":{"minecraft:cooked_beef":2,"minecraft:crafting_table":1,"minecraft:wooden_pickaxe":1,"minecraft:iron_sword":1,"minecraft:birch_planks":20,"minecraft:stone_axe":1,"minecraft:cooked_mutton":7,"minecraft:air":0,"minecraft:iron_axe":1,"minecraft:stick":20,"minecraft:iron_pickaxe":1,"minecraft:stone_pickaxe":1,"minecraft:gold_ingot":6,"minecraft:torch":36}},"DataVersion":3465}