{
  "repurposed_structures:root": {
    "criteria": {
      "always": "2024-05-20 23:55:09 +0000"
    },
    "done": true
  },
  "minecraft:recipes/decorations/crafting_table": {
    "criteria": {
      "unlock_right_away": "2024-05-20 23:55:09 +0000"
    },
    "done": true
  },
  "minecraft:adventure/adventuring_time": {
    "criteria": {
      "minecraft:birch_forest": "2024-05-20 23:55:10 +0000"
    },
    "done": false
  },
  "regions_unexplored:parent": {
    "criteria": {
      "load_in_world": "2024-05-20 23:55:10 +0000"
    },
    "done": true
  },
  "DataVersion": 3465
}