{
  "repurposed_structures:root": {
    "criteria": {
      "always": "2024-05-15 01:34:14 +0000"
    },
    "done": true
  },
  "minecraft:recipes/decorations/crafting_table": {
    "criteria": {
      "unlock_right_away": "2024-05-15 01:34:14 +0000"
    },
    "done": true
  },
  "regions_unexplored:regions_explored": {
    "criteria": {
      "maple_forest": "2024-05-15 01:34:14 +0000",
      "frozen_pine_taiga": "2024-05-15 01:48:31 +0000"
    },
    "done": false
  },
  "regions_unexplored:pioneer": {
    "criteria": {
      "maple_forest": "2024-05-15 01:34:14 +0000",
      "frozen_pine_taiga": "2024-05-15 01:48:31 +0000"
    },
    "done": false
  },
  "regions_unexplored:parent": {
    "criteria": {
      "load_in_world": "2024-05-15 01:34:14 +0000"
    },
    "done": true
  },
  "minecraft:adventure/adventuring_time": {
    "criteria": {
      "minecraft:snowy_beach": "2024-05-15 01:34:32 +0000"
    },
    "done": false
  },
  "DataVersion": 3465
}